{"cameraMode":{"drawMode":0,"name":"Shaded","section":"Shading Mode"},"sceneLighting":true,"audioPlay":false,"sceneViewState":{"m_AlwaysRefresh":false,"showFog":true,"showSkybox":true,"showFlares":true,"showImageEffects":true,"showParticleSystems":true,"showVisualEffectGraphs":true,"m_FxEnabled":true},"in2DMode":false,"pivot":{"x":-16.883081436157228,"y":16.1519832611084,"z":-257.3950500488281},"rotation":{"x":-0.0033164231572300197,"y":-0.9948005676269531,"z":0.03464435413479805,"w":-0.0958089530467987},"size":147.11517333984376,"orthographic":false}